timestamp,asset,decision,outcome,success,regime,reason,confluence_score
2026-02-05 22:04:34.819827,BTCUSD,WAIT,UP,0,pa,No signal,1.0
2026-02-05 22:05:34.819827,BTCUSD,WAIT,UP,0,pa,No signal,1.0
2026-02-05 22:06:34.819827,BTCUSD,WAIT,UP,0,pa,No signal,1.0
2026-02-05 22:07:34.819827,BTCUSD,WAIT,UP,0,pa,No signal,1.0
2026-02-05 22:08:34.819827,BTCUSD,WAIT,UP,0,pa,No signal,1.0
2026-02-05 22:09:34.819827,BTCUSD,WAIT,UP,0,pa,No signal,1.0
2026-02-05 22:10:34.819827,BTCUSD,WAIT,DOWN,0,pa,No signal,1.0
2026-02-05 22:11:34.819827,BTCUSD,WAIT,UP,0,pa,No signal,1.0
2026-02-05 22:12:34.819827,BTCUSD,WAIT,UP,0,pa,No signal,1.0
2026-02-05 22:13:34.819827,BTCUSD,WAIT,UP,0,pa,No signal,1.0
2026-02-05 22:14:34.819827,BTCUSD,WAIT,DOWN,0,pa,No signal,1.0
2026-02-05 22:15:34.819827,BTCUSD,WAIT,DOWN,0,pa,No signal,1.0
2026-02-05 22:16:34.819827,BTCUSD,WAIT,DOWN,0,pa,No signal,1.0
2026-02-05 22:17:34.819827,BTCUSD,WAIT,DOWN,0,pa,No signal,1.0
2026-02-05 22:18:34.819827,BTCUSD,WAIT,DOWN,0,pa,No signal,1.0
2026-02-05 22:19:34.819827,BTCUSD,WAIT,DOWN,0,pa,No signal,1.0
2026-02-05 22:20:34.819827,BTCUSD,WAIT,UP,0,pa,No signal,1.0
2026-02-05 22:21:34.819827,BTCUSD,WAIT,UP,0,pa,No signal,1.0
2026-02-05 22:22:34.819827,BTCUSD,WAIT,DOWN,0,pa,No signal,1.0
2026-02-05 22:23:34.819827,BTCUSD,WAIT,DOWN,0,pa,No signal,1.0
2026-02-05 22:24:34.819827,BTCUSD,WAIT,DOWN,0,pa,No signal,1.0
2026-02-05 22:25:34.819827,BTCUSD,WAIT,UP,0,pa,No signal,1.0
2026-02-05 22:26:34.819827,BTCUSD,WAIT,DOWN,0,pa,No signal,1.0
2026-02-05 22:27:34.819827,BTCUSD,WAIT,DOWN,0,pa,No signal,1.0
2026-02-05 22:28:34.819827,BTCUSD,WAIT,DOWN,0,pa,No signal,1.0
2026-02-05 22:29:34.819827,BTCUSD,WAIT,DOWN,0,pa,No signal,1.0
2026-02-05 22:30:34.819827,BTCUSD,WAIT,DOWN,0,pa,No signal,1.0
2026-02-05 22:31:34.819827,BTCUSD,WAIT,DOWN,0,pa,No signal,1.0
2026-02-05 22:32:34.819827,BTCUSD,WAIT,DOWN,0,pa,No signal,1.0
2026-02-05 22:33:34.819827,BTCUSD,WAIT,DOWN,0,pa,No signal,1.0
2026-02-05 22:34:34.819827,BTCUSD,WAIT,DOWN,0,pa,No signal,1.0
2026-02-05 22:35:34.819827,BTCUSD,WAIT,DOWN,0,pa,No signal,1.0
2026-02-05 22:36:34.819827,BTCUSD,WAIT,UP,0,pa,No signal,1.0
2026-02-05 22:37:34.819827,BTCUSD,WAIT,DOWN,0,pa,No signal,1.0
2026-02-05 22:38:34.819827,BTCUSD,WAIT,UP,0,pa,No signal,1.0
2026-02-05 22:39:34.819827,BTCUSD,WAIT,DOWN,0,pa,No signal,1.0
2026-02-05 22:40:34.819827,BTCUSD,WAIT,DOWN,0,pa,No signal,1.0
2026-02-05 22:41:34.819827,BTCUSD,WAIT,UP,0,pa,No signal,1.0
2026-02-05 22:42:34.819827,BTCUSD,WAIT,UP,0,pa,No signal,1.0
2026-02-05 22:43:34.819827,BTCUSD,WAIT,UP,0,pa,No signal,1.0
2026-02-05 22:44:34.819827,BTCUSD,WAIT,UP,0,pa,No signal,1.0
2026-02-05 22:45:34.819827,BTCUSD,WAIT,DOWN,0,pa,No signal,1.0
2026-02-05 22:46:34.819827,BTCUSD,WAIT,UP,0,pa,No signal,1.0
2026-02-05 22:47:34.819827,BTCUSD,WAIT,UP,0,pa,No signal,1.0
2026-02-05 22:48:34.819827,BTCUSD,WAIT,UP,0,pa,No signal,1.0
2026-02-05 22:49:34.819827,BTCUSD,WAIT,UP,0,pa,No signal,1.0
2026-02-05 22:50:34.819827,BTCUSD,WAIT,UP,0,pa,No signal,1.0
2026-02-05 22:51:34.819827,BTCUSD,WAIT,UP,0,pa,No signal,1.0
2026-02-05 22:52:34.819827,BTCUSD,WAIT,UP,0,pa,No signal,1.0
2026-02-05 22:53:34.819827,BTCUSD,WAIT,UP,0,pa,No signal,1.0
2026-02-05 22:54:34.819827,BTCUSD,WAIT,UP,0,pa,No signal,1.0
2026-02-05 22:55:34.819827,BTCUSD,WAIT,UP,0,pa,No signal,1.0
2026-02-05 22:56:34.819827,BTCUSD,WAIT,UP,0,pa,No signal,1.0
2026-02-05 22:57:34.819827,BTCUSD,WAIT,UP,0,pa,No signal,1.0
2026-02-05 22:58:34.819827,BTCUSD,WAIT,UP,0,pa,No signal,1.0
2026-02-05 22:59:34.819827,BTCUSD,WAIT,UP,0,pa,No signal,1.0
2026-02-05 23:00:34.819827,BTCUSD,WAIT,UP,0,pa,No signal,1.0
2026-02-05 23:01:34.819827,BTCUSD,WAIT,DOWN,0,pa,No signal,1.0
2026-02-05 23:02:34.819827,BTCUSD,WAIT,UP,0,pa,No signal,1.0
2026-02-05 23:03:34.819827,BTCUSD,WAIT,UP,0,pa,No signal,1.0
2026-02-05 23:04:34.819827,BTCUSD,WAIT,DOWN,0,pa,No signal,1.0
2026-02-05 23:05:34.819827,BTCUSD,WAIT,DOWN,0,pa,No signal,1.0
2026-02-05 23:06:34.819827,BTCUSD,WAIT,DOWN,0,pa,No signal,1.0
2026-02-05 23:07:34.819827,BTCUSD,WAIT,DOWN,0,pa,No signal,1.0
2026-02-05 23:08:34.819827,BTCUSD,WAIT,DOWN,0,pa,No signal,1.0
2026-02-05 23:09:34.819827,BTCUSD,WAIT,DOWN,0,pa,No signal,1.0
2026-02-05 23:10:34.819827,BTCUSD,WAIT,UP,0,pa,No signal,1.0
2026-02-05 23:11:34.819827,BTCUSD,WAIT,DOWN,0,pa,No signal,1.0
2026-02-05 23:12:34.819827,BTCUSD,WAIT,DOWN,0,pa,No signal,1.0
2026-02-05 23:13:34.819827,BTCUSD,WAIT,DOWN,0,pa,No signal,1.0
2026-02-05 23:14:34.819827,BTCUSD,WAIT,DOWN,0,pa,No signal,1.0
2026-02-05 23:15:34.819827,BTCUSD,WAIT,DOWN,0,pa,No signal,1.0
2026-02-05 23:16:34.819827,BTCUSD,WAIT,DOWN,0,pa,No signal,1.0
2026-02-05 23:17:34.819827,BTCUSD,WAIT,DOWN,0,pa,No signal,1.0
2026-02-05 23:18:34.819827,BTCUSD,WAIT,DOWN,0,pa,No signal,1.0
2026-02-05 23:19:34.819827,BTCUSD,WAIT,DOWN,0,pa,No signal,1.0
2026-02-05 23:20:34.819827,BTCUSD,WAIT,DOWN,0,pa,No signal,1.0
2026-02-05 23:21:34.819827,BTCUSD,WAIT,DOWN,0,pa,No signal,1.0
2026-02-05 23:22:34.819827,BTCUSD,WAIT,UP,0,pa,No signal,1.0
2026-02-05 23:23:34.819827,BTCUSD,WAIT,DOWN,0,pa,No signal,1.0
2026-02-05 23:24:34.819827,BTCUSD,WAIT,DOWN,0,pa,No signal,1.0
2026-02-05 23:25:34.819827,BTCUSD,WAIT,DOWN,0,pa,No signal,1.0
2026-02-05 23:26:34.819827,BTCUSD,WAIT,UP,0,pa,No signal,1.0
2026-02-05 23:27:34.819827,BTCUSD,WAIT,DOWN,0,pa,No signal,1.0
2026-02-05 23:28:34.819827,BTCUSD,WAIT,DOWN,0,pa,No signal,1.0
2026-02-05 23:29:34.819827,BTCUSD,WAIT,DOWN,0,pa,No signal,1.0
2026-02-05 23:30:34.819827,BTCUSD,WAIT,DOWN,0,pa,No signal,1.0
2026-02-05 23:31:34.819827,BTCUSD,WAIT,UP,0,pa,No signal,1.0
2026-02-05 23:32:34.819827,BTCUSD,WAIT,UP,0,pa,No signal,1.0
2026-02-05 23:33:34.819827,BTCUSD,WAIT,UP,0,pa,No signal,1.0
2026-02-05 23:34:34.819827,BTCUSD,WAIT,UP,0,pa,No signal,1.0
2026-02-05 23:35:34.819827,BTCUSD,WAIT,DOWN,0,pa,No signal,1.0
2026-02-05 23:36:34.819827,BTCUSD,WAIT,UP,0,pa,No signal,1.0
2026-02-05 23:37:34.819827,BTCUSD,WAIT,UP,0,pa,No signal,1.0
2026-02-05 23:38:34.819827,BTCUSD,WAIT,UP,0,pa,No signal,1.0
2026-02-05 23:39:34.819827,BTCUSD,WAIT,UP,0,pa,No signal,1.0
2026-02-05 23:40:34.819827,BTCUSD,WAIT,UP,0,pa,No signal,1.0
2026-02-05 23:41:34.819827,BTCUSD,WAIT,UP,0,pa,No signal,1.0
2026-02-05 23:42:34.819827,BTCUSD,WAIT,UP,0,pa,No signal,1.0
2026-02-05 23:43:34.819827,BTCUSD,WAIT,UP,0,pa,No signal,1.0
2026-02-05 23:44:34.819827,BTCUSD,UP,UP,1,pa,Dynamic Breakout UP (Dev 2.5 + RSI 100.0),1.0
2026-02-05 23:45:34.819827,BTCUSD,WAIT,UP,0,pa,No signal,1.0
2026-02-05 23:46:34.819827,BTCUSD,WAIT,UP,0,pa,No signal,1.0
2026-02-05 23:47:34.819827,BTCUSD,WAIT,DOWN,0,pa,No signal,1.0
2026-02-05 23:48:34.819827,BTCUSD,WAIT,UP,0,pa,No signal,1.0
2026-02-05 23:49:34.819827,BTCUSD,WAIT,UP,0,pa,No signal,1.0
2026-02-05 23:50:34.819827,BTCUSD,WAIT,UP,0,pa,No signal,1.0
2026-02-05 23:51:34.819827,BTCUSD,WAIT,UP,0,pa,No signal,1.0
2026-02-05 23:52:34.819827,BTCUSD,WAIT,UP,0,pa,No signal,1.0
2026-02-05 23:53:34.819827,BTCUSD,WAIT,DOWN,0,pa,No signal,1.0
2026-02-05 23:54:34.819827,BTCUSD,WAIT,DOWN,0,pa,No signal,1.0
2026-02-05 23:55:34.819827,BTCUSD,WAIT,DOWN,0,pa,No signal,1.0
2026-02-05 23:56:34.819827,BTCUSD,WAIT,DOWN,0,pa,No signal,1.0
2026-02-05 23:57:34.819827,BTCUSD,WAIT,DOWN,0,pa,No signal,1.0
2026-02-05 23:58:34.819827,BTCUSD,WAIT,DOWN,0,pa,No signal,1.0
2026-02-05 23:59:34.819827,BTCUSD,WAIT,DOWN,0,pa,No signal,1.0
2026-02-06 00:00:34.819827,BTCUSD,WAIT,UP,0,pa,No signal,1.0
2026-02-06 00:01:34.819827,BTCUSD,WAIT,DOWN,0,pa,No signal,1.0
2026-02-06 00:02:34.819827,BTCUSD,WAIT,DOWN,0,pa,No signal,1.0
2026-02-06 00:03:34.819827,BTCUSD,WAIT,UP,0,pa,No signal,1.0
2026-02-06 00:04:34.819827,BTCUSD,WAIT,DOWN,0,pa,No signal,1.0
2026-02-06 00:05:34.819827,BTCUSD,WAIT,UP,0,pa,No signal,1.0
2026-02-06 00:06:34.819827,BTCUSD,WAIT,DOWN,0,pa,No signal,1.0
2026-02-06 00:07:34.819827,BTCUSD,WAIT,DOWN,0,pa,No signal,1.0
2026-02-06 00:08:34.819827,BTCUSD,WAIT,DOWN,0,pa,No signal,1.0
2026-02-06 00:09:34.819827,BTCUSD,WAIT,DOWN,0,pa,No signal,1.0
2026-02-06 00:10:34.819827,BTCUSD,WAIT,DOWN,0,pa,No signal,1.0
2026-02-06 00:11:34.819827,BTCUSD,WAIT,DOWN,0,pa,No signal,1.0
2026-02-06 00:12:34.819827,BTCUSD,WAIT,DOWN,0,pa,No signal,1.0
2026-02-06 00:13:34.819827,BTCUSD,WAIT,DOWN,0,pa,No signal,1.0
2026-02-06 00:14:34.819827,BTCUSD,WAIT,DOWN,0,pa,No signal,1.0
2026-02-06 00:15:34.819827,BTCUSD,WAIT,DOWN,0,pa,No signal,1.0
2026-02-06 00:16:34.819827,BTCUSD,WAIT,DOWN,0,pa,No signal,1.0
2026-02-06 00:17:34.819827,BTCUSD,WAIT,UP,0,pa,No signal,1.0
2026-02-06 00:18:34.819827,BTCUSD,WAIT,DOWN,0,pa,No signal,1.0
2026-02-06 00:19:34.819827,BTCUSD,WAIT,DOWN,0,pa,No signal,1.0
2026-02-06 00:20:34.819827,BTCUSD,WAIT,DOWN,0,pa,No signal,1.0
2026-02-06 00:21:34.819827,BTCUSD,WAIT,UP,0,pa,No signal,1.0
2026-02-06 00:22:34.819827,BTCUSD,WAIT,UP,0,pa,No signal,1.0
2026-02-06 00:23:34.819827,BTCUSD,WAIT,UP,0,pa,No signal,1.0
2026-02-06 00:24:34.819827,BTCUSD,WAIT,UP,0,pa,No signal,1.0
2026-02-06 00:25:34.819827,BTCUSD,WAIT,DOWN,0,pa,No signal,1.0
2026-02-06 00:26:34.819827,BTCUSD,WAIT,UP,0,pa,No signal,1.0
2026-02-06 00:27:34.819827,BTCUSD,WAIT,DOWN,0,pa,No signal,1.0
2026-02-06 00:28:34.819827,BTCUSD,WAIT,UP,0,pa,No signal,1.0
2026-02-06 00:29:34.819827,BTCUSD,WAIT,UP,0,pa,No signal,1.0
2026-02-06 00:30:34.819827,BTCUSD,WAIT,UP,0,pa,No signal,1.0
2026-02-06 00:31:34.819827,BTCUSD,WAIT,UP,0,pa,No signal,1.0
2026-02-06 00:32:34.819827,BTCUSD,WAIT,UP,0,pa,No signal,1.0
2026-02-06 00:33:34.819827,BTCUSD,WAIT,UP,0,pa,No signal,1.0
2026-02-06 00:34:34.819827,BTCUSD,WAIT,UP,0,pa,No signal,1.0
2026-02-06 00:35:34.819827,BTCUSD,UP,UP,1,pa,Dynamic Breakout UP (Dev 2.5 + RSI 100.0),1.0
2026-02-06 00:36:34.819827,BTCUSD,WAIT,UP,0,pa,No signal,1.0
2026-02-06 00:37:34.819827,BTCUSD,WAIT,DOWN,0,pa,No signal,1.0
2026-02-06 00:38:34.819827,BTCUSD,WAIT,UP,0,pa,No signal,1.0
2026-02-06 00:39:34.819827,BTCUSD,WAIT,UP,0,pa,No signal,1.0
2026-02-06 00:40:34.819827,BTCUSD,WAIT,DOWN,0,pa,No signal,1.0
2026-02-06 00:41:34.819827,BTCUSD,WAIT,UP,0,pa,No signal,1.0
2026-02-06 00:42:34.819827,BTCUSD,WAIT,UP,0,pa,No signal,1.0
2026-02-06 00:43:34.819827,BTCUSD,WAIT,DOWN,0,pa,No signal,1.0
2026-02-06 00:44:34.819827,BTCUSD,WAIT,DOWN,0,pa,No signal,1.0
2026-02-06 00:45:34.819827,BTCUSD,WAIT,DOWN,0,pa,No signal,1.0
2026-02-06 00:46:34.819827,BTCUSD,WAIT,DOWN,0,pa,No signal,1.0
2026-02-06 00:47:34.819827,BTCUSD,WAIT,DOWN,0,pa,No signal,1.0
2026-02-06 00:48:34.819827,BTCUSD,WAIT,DOWN,0,pa,No signal,1.0
2026-02-06 00:49:34.819827,BTCUSD,WAIT,DOWN,0,pa,No signal,1.0
2026-02-06 00:50:34.819827,BTCUSD,WAIT,UP,0,pa,No signal,1.0
2026-02-06 00:51:34.819827,BTCUSD,WAIT,DOWN,0,pa,No signal,1.0
2026-02-06 00:52:34.819827,BTCUSD,WAIT,DOWN,0,pa,No signal,1.0
2026-02-06 00:53:34.819827,BTCUSD,WAIT,DOWN,0,pa,No signal,1.0
2026-02-06 00:54:34.819827,BTCUSD,WAIT,DOWN,0,pa,No signal,1.0
2026-02-06 00:55:34.819827,BTCUSD,WAIT,UP,0,pa,No signal,1.0
2026-02-06 00:56:34.819827,BTCUSD,WAIT,DOWN,0,pa,No signal,1.0
2026-02-06 00:57:34.819827,BTCUSD,WAIT,DOWN,0,pa,No signal,1.0
2026-02-06 00:58:34.819827,BTCUSD,WAIT,DOWN,0,pa,No signal,1.0
2026-02-06 00:59:34.819827,BTCUSD,WAIT,DOWN,0,pa,No signal,1.0
2026-02-06 01:00:34.819827,BTCUSD,WAIT,DOWN,0,pa,No signal,1.0
2026-02-06 01:01:34.819827,BTCUSD,WAIT,DOWN,0,pa,No signal,1.0
2026-02-06 01:02:34.819827,BTCUSD,WAIT,DOWN,0,pa,No signal,1.0
2026-02-06 01:03:34.819827,BTCUSD,WAIT,DOWN,0,pa,No signal,1.0
2026-02-06 01:04:34.819827,BTCUSD,WAIT,DOWN,0,pa,No signal,1.0
2026-02-06 01:05:34.819827,BTCUSD,WAIT,DOWN,0,pa,No signal,1.0
2026-02-06 01:06:34.819827,BTCUSD,WAIT,DOWN,0,pa,No signal,1.0
2026-02-06 01:07:34.819827,BTCUSD,WAIT,UP,0,pa,No signal,1.0
2026-02-06 01:08:34.819827,BTCUSD,WAIT,DOWN,0,pa,No signal,1.0
2026-02-06 01:09:34.819827,BTCUSD,WAIT,DOWN,0,pa,No signal,1.0
2026-02-06 01:10:34.819827,BTCUSD,WAIT,DOWN,0,pa,No signal,1.0
2026-02-06 01:11:34.819827,BTCUSD,WAIT,UP,0,pa,No signal,1.0
2026-02-06 01:12:34.819827,BTCUSD,WAIT,UP,0,pa,No signal,1.0
2026-02-06 01:13:34.819827,BTCUSD,WAIT,UP,0,pa,No signal,1.0
2026-02-06 01:14:34.819827,BTCUSD,WAIT,UP,0,pa,No signal,1.0
2026-02-06 01:15:34.819827,BTCUSD,WAIT,DOWN,0,pa,No signal,1.0
2026-02-06 01:16:34.819827,BTCUSD,WAIT,UP,0,pa,No signal,1.0
2026-02-06 01:17:34.819827,BTCUSD,WAIT,UP,0,pa,No signal,1.0
2026-02-06 01:18:34.819827,BTCUSD,WAIT,UP,0,pa,No signal,1.0
2026-02-06 01:19:34.819827,BTCUSD,WAIT,UP,0,pa,No signal,1.0
2026-02-06 01:20:34.819827,BTCUSD,WAIT,UP,0,pa,No signal,1.0
2026-02-06 01:21:34.819827,BTCUSD,WAIT,UP,0,pa,No signal,1.0
2026-02-06 01:22:34.819827,BTCUSD,WAIT,UP,0,pa,No signal,1.0
2026-02-06 01:23:34.819827,BTCUSD,WAIT,UP,0,pa,No signal,1.0
2026-02-06 01:24:34.819827,BTCUSD,WAIT,UP,0,pa,No signal,1.0
2026-02-06 01:25:34.819827,BTCUSD,WAIT,UP,0,pa,No signal,1.0
2026-02-06 01:26:34.819827,BTCUSD,WAIT,UP,0,pa,No signal,1.0
2026-02-06 01:27:34.819827,BTCUSD,WAIT,UP,0,pa,No signal,1.0
2026-02-06 01:28:34.819827,BTCUSD,WAIT,UP,0,pa,No signal,1.0
2026-02-06 01:29:34.819827,BTCUSD,WAIT,UP,0,pa,No signal,1.0
2026-02-06 01:30:34.819827,BTCUSD,WAIT,DOWN,0,pa,No signal,1.0
2026-02-06 01:31:34.819827,BTCUSD,WAIT,UP,0,pa,No signal,1.0
2026-02-06 01:32:34.819827,BTCUSD,WAIT,UP,0,pa,No signal,1.0
2026-02-06 01:33:34.819827,BTCUSD,WAIT,UP,0,pa,No signal,1.0
2026-02-06 01:34:34.819827,BTCUSD,WAIT,DOWN,0,pa,No signal,1.0
2026-02-06 01:35:34.819827,BTCUSD,WAIT,DOWN,0,pa,No signal,1.0
2026-02-06 01:36:34.819827,BTCUSD,WAIT,DOWN,0,pa,No signal,1.0
2026-02-06 01:37:34.819827,BTCUSD,WAIT,DOWN,0,pa,No signal,1.0
2026-02-06 01:38:34.819827,BTCUSD,WAIT,DOWN,0,pa,No signal,1.0
2026-02-06 01:39:34.819827,BTCUSD,WAIT,DOWN,0,pa,No signal,1.0
2026-02-06 01:40:34.819827,BTCUSD,WAIT,UP,0,pa,No signal,1.0
2026-02-06 01:41:34.819827,BTCUSD,WAIT,DOWN,0,pa,No signal,1.0
2026-02-06 01:42:34.819827,BTCUSD,WAIT,DOWN,0,pa,No signal,1.0
2026-02-06 01:43:34.819827,BTCUSD,WAIT,DOWN,0,pa,No signal,1.0
2026-02-06 01:44:34.819827,BTCUSD,WAIT,DOWN,0,pa,No signal,1.0
2026-02-06 01:45:34.819827,BTCUSD,WAIT,DOWN,0,pa,No signal,1.0
2026-02-06 01:46:34.819827,BTCUSD,WAIT,UP,0,pa,No signal,1.0
2026-02-06 01:47:34.819827,BTCUSD,WAIT,DOWN,0,pa,No signal,1.0
2026-02-06 01:48:34.819827,BTCUSD,WAIT,DOWN,0,pa,No signal,1.0
2026-02-06 01:49:34.819827,BTCUSD,WAIT,DOWN,0,pa,No signal,1.0
2026-02-06 01:50:34.819827,BTCUSD,WAIT,DOWN,0,pa,No signal,1.0
2026-02-06 01:51:34.819827,BTCUSD,WAIT,DOWN,0,pa,No signal,1.0
2026-02-06 01:52:34.819827,BTCUSD,WAIT,DOWN,0,pa,No signal,1.0
2026-02-06 01:53:34.819827,BTCUSD,WAIT,DOWN,0,pa,No signal,1.0
2026-02-06 01:54:34.819827,BTCUSD,WAIT,DOWN,0,pa,No signal,1.0
2026-02-06 01:55:34.819827,BTCUSD,WAIT,DOWN,0,pa,No signal,1.0
2026-02-06 01:56:34.819827,BTCUSD,WAIT,DOWN,0,pa,No signal,1.0
2026-02-06 01:57:34.819827,BTCUSD,WAIT,UP,0,pa,No signal,1.0
2026-02-06 01:58:34.819827,BTCUSD,WAIT,DOWN,0,pa,No signal,1.0
2026-02-06 01:59:34.819827,BTCUSD,WAIT,DOWN,0,pa,No signal,1.0
2026-02-06 02:00:34.819827,BTCUSD,WAIT,DOWN,0,pa,No signal,1.0
2026-02-06 02:01:34.819827,BTCUSD,WAIT,UP,0,pa,No signal,1.0
2026-02-06 02:02:34.819827,BTCUSD,WAIT,UP,0,pa,No signal,1.0
2026-02-06 02:03:34.819827,BTCUSD,WAIT,UP,0,pa,No signal,1.0
2026-02-06 02:04:34.819827,BTCUSD,WAIT,UP,0,pa,No signal,1.0
2026-02-06 02:05:34.819827,BTCUSD,WAIT,DOWN,0,pa,No signal,1.0
2026-02-06 02:06:34.819827,BTCUSD,WAIT,UP,0,pa,No signal,1.0
2026-02-06 02:07:34.819827,BTCUSD,WAIT,UP,0,pa,No signal,1.0
2026-02-06 02:08:34.819827,BTCUSD,WAIT,UP,0,pa,No signal,1.0
2026-02-06 02:09:34.819827,BTCUSD,WAIT,UP,0,pa,No signal,1.0
2026-02-06 02:10:34.819827,BTCUSD,WAIT,UP,0,pa,No signal,1.0
2026-02-06 02:11:34.819827,BTCUSD,WAIT,UP,0,pa,No signal,1.0
2026-02-06 02:12:34.819827,BTCUSD,WAIT,UP,0,pa,No signal,1.0
2026-02-06 02:13:34.819827,BTCUSD,WAIT,UP,0,pa,No signal,1.0
2026-02-06 02:14:34.819827,BTCUSD,WAIT,UP,0,pa,No signal,1.0
2026-02-06 02:15:34.819827,BTCUSD,WAIT,UP,0,pa,No signal,1.0
2026-02-06 02:16:34.819827,BTCUSD,WAIT,UP,0,pa,No signal,1.0
2026-02-06 02:17:34.819827,BTCUSD,WAIT,UP,0,pa,No signal,1.0
2026-02-06 02:18:34.819827,BTCUSD,WAIT,UP,0,pa,No signal,1.0
2026-02-06 02:19:34.819827,BTCUSD,WAIT,UP,0,pa,No signal,1.0
2026-02-06 02:20:34.819827,BTCUSD,WAIT,UP,0,pa,No signal,1.0
2026-02-06 02:21:34.819827,BTCUSD,WAIT,UP,0,pa,No signal,1.0
2026-02-06 02:22:34.819827,BTCUSD,WAIT,DOWN,0,pa,No signal,1.0
2026-02-06 02:23:34.819827,BTCUSD,WAIT,UP,0,pa,No signal,1.0
2026-02-06 02:24:34.819827,BTCUSD,WAIT,DOWN,0,pa,No signal,1.0
2026-02-06 02:25:34.819827,BTCUSD,WAIT,DOWN,0,pa,No signal,1.0
2026-02-06 02:26:34.819827,BTCUSD,WAIT,DOWN,0,pa,No signal,1.0
2026-02-06 02:27:34.819827,BTCUSD,WAIT,DOWN,0,pa,No signal,1.0
2026-02-06 02:28:34.819827,BTCUSD,WAIT,DOWN,0,pa,No signal,1.0
2026-02-06 02:29:34.819827,BTCUSD,WAIT,DOWN,0,pa,No signal,1.0
2026-02-06 02:30:34.819827,BTCUSD,WAIT,UP,0,pa,No signal,1.0
2026-02-06 02:31:34.819827,BTCUSD,WAIT,DOWN,0,pa,No signal,1.0
2026-02-06 02:32:34.819827,BTCUSD,WAIT,DOWN,0,pa,No signal,1.0
2026-02-06 02:33:34.819827,BTCUSD,WAIT,DOWN,0,pa,No signal,1.0
2026-02-06 02:34:34.819827,BTCUSD,WAIT,DOWN,0,pa,No signal,1.0
2026-02-06 02:35:34.819827,BTCUSD,WAIT,DOWN,0,pa,No signal,1.0
2026-02-06 02:36:34.819827,BTCUSD,WAIT,DOWN,0,pa,No signal,1.0
2026-02-06 02:37:34.819827,BTCUSD,WAIT,DOWN,0,pa,No signal,1.0
2026-02-06 02:38:34.819827,BTCUSD,WAIT,DOWN,0,pa,No signal,1.0
2026-02-06 02:39:34.819827,BTCUSD,DOWN,DOWN,1,pa,Dynamic Breakout DOWN (Dev 2.5 + RSI 0.0),1.0
2026-02-06 02:40:34.819827,BTCUSD,WAIT,DOWN,0,pa,No signal,1.0
2026-02-06 02:41:34.819827,BTCUSD,WAIT,DOWN,0,pa,No signal,1.0
2026-02-06 02:42:34.819827,BTCUSD,WAIT,DOWN,0,pa,No signal,1.0
2026-02-06 02:43:34.819827,BTCUSD,WAIT,DOWN,0,pa,No signal,1.0
2026-02-06 02:44:34.819827,BTCUSD,WAIT,DOWN,0,pa,No signal,1.0
2026-02-06 02:45:34.819827,BTCUSD,WAIT,DOWN,0,pa,No signal,1.0
2026-02-06 02:46:34.819827,BTCUSD,WAIT,UP,0,pa,No signal,1.0
2026-02-06 02:47:34.819827,BTCUSD,WAIT,DOWN,0,pa,No signal,1.0
2026-02-06 02:48:34.819827,BTCUSD,WAIT,UP,0,pa,No signal,1.0
2026-02-06 02:49:34.819827,BTCUSD,WAIT,DOWN,0,pa,No signal,1.0
2026-02-06 02:50:34.819827,BTCUSD,WAIT,DOWN,0,pa,No signal,1.0
2026-02-06 02:51:34.819827,BTCUSD,WAIT,UP,0,pa,No signal,1.0
2026-02-06 02:52:34.819827,BTCUSD,WAIT,UP,0,pa,No signal,1.0
2026-02-06 02:53:34.819827,BTCUSD,WAIT,UP,0,pa,No signal,1.0
2026-02-06 02:54:34.819827,BTCUSD,WAIT,UP,0,pa,No signal,1.0
2026-02-06 02:55:34.819827,BTCUSD,WAIT,DOWN,0,pa,No signal,1.0
2026-02-06 02:56:34.819827,BTCUSD,WAIT,UP,0,pa,No signal,1.0
2026-02-06 02:57:34.819827,BTCUSD,WAIT,UP,0,pa,No signal,1.0
2026-02-06 02:58:34.819827,BTCUSD,WAIT,UP,0,pa,No signal,1.0
2026-02-06 02:59:34.819827,BTCUSD,WAIT,UP,0,pa,No signal,1.0
2026-02-06 03:00:34.819827,BTCUSD,WAIT,UP,0,pa,No signal,1.0
2026-02-06 03:01:34.819827,BTCUSD,WAIT,UP,0,pa,No signal,1.0
2026-02-06 03:02:34.819827,BTCUSD,WAIT,UP,0,pa,No signal,1.0
2026-02-06 03:03:34.819827,BTCUSD,WAIT,DOWN,0,pa,No signal,1.0
2026-02-06 03:04:34.819827,BTCUSD,WAIT,UP,0,pa,No signal,1.0
2026-02-06 03:05:34.819827,BTCUSD,WAIT,UP,0,pa,No signal,1.0
2026-02-06 03:06:34.819827,BTCUSD,WAIT,UP,0,pa,No signal,1.0
2026-02-06 03:07:34.819827,BTCUSD,WAIT,UP,0,pa,No signal,1.0
2026-02-06 03:08:34.819827,BTCUSD,WAIT,UP,0,pa,No signal,1.0
2026-02-06 03:09:34.819827,BTCUSD,WAIT,UP,0,pa,No signal,1.0
2026-02-06 03:10:34.819827,BTCUSD,WAIT,UP,0,pa,No signal,1.0
2026-02-06 03:11:34.819827,BTCUSD,WAIT,UP,0,pa,No signal,1.0
2026-02-06 03:12:34.819827,BTCUSD,WAIT,UP,0,pa,No signal,1.0
2026-02-06 03:13:34.819827,BTCUSD,WAIT,DOWN,0,pa,No signal,1.0
2026-02-06 03:14:34.819827,BTCUSD,WAIT,DOWN,0,pa,No signal,1.0
2026-02-06 03:15:34.819827,BTCUSD,WAIT,DOWN,0,pa,No signal,1.0
2026-02-06 03:16:34.819827,BTCUSD,WAIT,DOWN,0,pa,No signal,1.0
2026-02-06 03:17:34.819827,BTCUSD,WAIT,DOWN,0,pa,No signal,1.0
2026-02-06 03:18:34.819827,BTCUSD,WAIT,DOWN,0,pa,No signal,1.0
2026-02-06 03:19:34.819827,BTCUSD,WAIT,DOWN,0,pa,No signal,1.0
2026-02-06 03:20:34.819827,BTCUSD,WAIT,UP,0,pa,No signal,1.0
2026-02-06 03:21:34.819827,BTCUSD,WAIT,DOWN,0,pa,No signal,1.0
2026-02-06 03:22:34.819827,BTCUSD,WAIT,DOWN,0,pa,No signal,1.0
2026-02-06 03:23:34.819827,BTCUSD,WAIT,DOWN,0,pa,No signal,1.0
2026-02-06 03:24:34.819827,BTCUSD,WAIT,DOWN,0,pa,No signal,1.0
2026-02-06 03:25:34.819827,BTCUSD,WAIT,DOWN,0,pa,No signal,1.0
2026-02-06 03:26:34.819827,BTCUSD,WAIT,DOWN,0,pa,No signal,1.0
2026-02-06 03:27:34.819827,BTCUSD,WAIT,DOWN,0,pa,No signal,1.0
2026-02-06 03:28:34.819827,BTCUSD,WAIT,DOWN,0,pa,No signal,1.0
2026-02-06 03:29:34.819827,BTCUSD,WAIT,DOWN,0,pa,No signal,1.0
2026-02-06 03:30:34.819827,BTCUSD,WAIT,DOWN,0,pa,No signal,1.0
2026-02-06 03:31:34.819827,BTCUSD,WAIT,DOWN,0,pa,No signal,1.0
2026-02-06 03:32:34.819827,BTCUSD,WAIT,DOWN,0,pa,No signal,1.0
2026-02-06 03:33:34.819827,BTCUSD,DOWN,DOWN,1,pa,Dynamic Breakout DOWN (Dev 2.5 + RSI 0.0),1.0
2026-02-06 03:34:34.819827,BTCUSD,WAIT,DOWN,0,pa,No signal,1.0
2026-02-06 03:35:34.819827,BTCUSD,WAIT,UP,0,pa,No signal,1.0
2026-02-06 03:36:34.819827,BTCUSD,WAIT,DOWN,0,pa,No signal,1.0
2026-02-06 03:37:34.819827,BTCUSD,WAIT,DOWN,0,pa,No signal,1.0
2026-02-06 03:38:34.819827,BTCUSD,WAIT,DOWN,0,pa,No signal,1.0
2026-02-06 03:39:34.819827,BTCUSD,WAIT,DOWN,0,pa,No signal,1.0
2026-02-06 03:40:34.819827,BTCUSD,WAIT,DOWN,0,pa,No signal,1.0
2026-02-06 03:41:34.819827,BTCUSD,WAIT,UP,0,pa,No signal,1.0
2026-02-06 03:42:34.819827,BTCUSD,WAIT,UP,0,pa,No signal,1.0
2026-02-06 03:43:34.819827,BTCUSD,WAIT,UP,0,pa,No signal,1.0
2026-02-06 03:44:34.819827,BTCUSD,WAIT,UP,0,pa,No signal,1.0
2026-02-06 03:45:34.819827,BTCUSD,WAIT,DOWN,0,pa,No signal,1.0
2026-02-06 03:46:34.819827,BTCUSD,WAIT,UP,0,pa,No signal,1.0
2026-02-06 03:47:34.819827,BTCUSD,WAIT,UP,0,pa,No signal,1.0
2026-02-06 03:48:34.819827,BTCUSD,WAIT,UP,0,pa,No signal,1.0
2026-02-06 03:49:34.819827,BTCUSD,WAIT,UP,0,pa,No signal,1.0
2026-02-06 03:50:34.819827,BTCUSD,WAIT,UP,0,pa,No signal,1.0
2026-02-06 03:51:34.819827,BTCUSD,WAIT,UP,0,pa,No signal,1.0
2026-02-06 03:52:34.819827,BTCUSD,WAIT,UP,0,pa,No signal,1.0
2026-02-06 03:53:34.819827,BTCUSD,WAIT,UP,0,pa,No signal,1.0
2026-02-06 03:54:34.819827,BTCUSD,WAIT,UP,0,pa,No signal,1.0
2026-02-06 03:55:34.819827,BTCUSD,UP,UP,1,pa,Dynamic Breakout UP (Dev 2.5 + RSI 100.0),1.0
2026-02-06 03:56:34.819827,BTCUSD,WAIT,UP,0,pa,No signal,1.0
2026-02-06 03:57:34.819827,BTCUSD,WAIT,UP,0,pa,No signal,1.0
2026-02-06 03:58:34.819827,BTCUSD,WAIT,UP,0,pa,No signal,1.0
2026-02-06 03:59:34.819827,BTCUSD,WAIT,UP,0,pa,No signal,1.0
2026-02-06 04:00:34.819827,BTCUSD,WAIT,UP,0,pa,No signal,1.0
2026-02-06 04:01:34.819827,BTCUSD,WAIT,UP,0,pa,No signal,1.0
2026-02-06 04:02:34.819827,BTCUSD,WAIT,UP,0,pa,No signal,1.0
2026-02-06 04:03:34.819827,BTCUSD,WAIT,UP,0,pa,No signal,1.0
2026-02-06 04:04:34.819827,BTCUSD,WAIT,DOWN,0,pa,No signal,1.0
2026-02-06 04:05:34.819827,BTCUSD,WAIT,DOWN,0,pa,No signal,1.0
2026-02-06 04:06:34.819827,BTCUSD,WAIT,DOWN,0,pa,No signal,1.0
2026-02-06 04:07:34.819827,BTCUSD,WAIT,DOWN,0,pa,No signal,1.0
2026-02-06 04:08:34.819827,BTCUSD,WAIT,DOWN,0,pa,No signal,1.0
2026-02-06 04:09:34.819827,BTCUSD,WAIT,DOWN,0,pa,No signal,1.0
2026-02-06 04:10:34.819827,BTCUSD,WAIT,UP,0,pa,No signal,1.0
2026-02-06 04:11:34.819827,BTCUSD,WAIT,DOWN,0,pa,No signal,1.0
2026-02-06 04:12:34.819827,BTCUSD,WAIT,DOWN,0,pa,No signal,1.0
2026-02-06 04:13:34.819827,BTCUSD,WAIT,DOWN,0,pa,No signal,1.0
2026-02-06 04:14:34.819827,BTCUSD,WAIT,DOWN,0,pa,No signal,1.0
2026-02-06 04:15:34.819827,BTCUSD,WAIT,DOWN,0,pa,No signal,1.0
2026-02-06 04:16:34.819827,BTCUSD,WAIT,UP,0,pa,No signal,1.0
2026-02-06 04:17:34.819827,BTCUSD,WAIT,DOWN,0,pa,No signal,1.0
2026-02-06 04:18:34.819827,BTCUSD,WAIT,DOWN,0,pa,No signal,1.0
2026-02-06 04:19:34.819827,BTCUSD,WAIT,DOWN,0,pa,No signal,1.0
2026-02-06 04:20:34.819827,BTCUSD,WAIT,DOWN,0,pa,No signal,1.0
2026-02-06 04:21:34.819827,BTCUSD,WAIT,UP,0,pa,No signal,1.0
2026-02-06 04:22:34.819827,BTCUSD,WAIT,DOWN,0,pa,No signal,1.0
2026-02-06 04:23:34.819827,BTCUSD,WAIT,DOWN,0,pa,No signal,1.0
2026-02-06 04:24:34.819827,BTCUSD,WAIT,DOWN,0,pa,No signal,1.0
2026-02-06 04:25:34.819827,BTCUSD,WAIT,DOWN,0,pa,No signal,1.0
2026-02-06 04:26:34.819827,BTCUSD,WAIT,UP,0,pa,No signal,1.0
2026-02-06 04:27:34.819827,BTCUSD,WAIT,DOWN,0,pa,No signal,1.0
2026-02-06 04:28:34.819827,BTCUSD,WAIT,UP,0,pa,No signal,1.0
2026-02-06 04:29:34.819827,BTCUSD,WAIT,DOWN,0,pa,No signal,1.0
2026-02-06 04:30:34.819827,BTCUSD,WAIT,DOWN,0,pa,No signal,1.0
2026-02-06 04:31:34.819827,BTCUSD,WAIT,UP,0,pa,No signal,1.0
2026-02-06 04:32:34.819827,BTCUSD,WAIT,UP,0,pa,No signal,1.0
2026-02-06 04:33:34.819827,BTCUSD,WAIT,UP,0,pa,No signal,1.0
2026-02-06 04:34:34.819827,BTCUSD,WAIT,UP,0,pa,No signal,1.0
2026-02-06 04:35:34.819827,BTCUSD,WAIT,DOWN,0,pa,No signal,1.0
2026-02-06 04:36:34.819827,BTCUSD,WAIT,UP,0,pa,No signal,1.0
2026-02-06 04:37:34.819827,BTCUSD,WAIT,UP,0,pa,No signal,1.0
2026-02-06 04:38:34.819827,BTCUSD,WAIT,UP,0,pa,No signal,1.0
2026-02-06 04:39:34.819827,BTCUSD,WAIT,UP,0,pa,No signal,1.0
2026-02-06 04:40:34.819827,BTCUSD,WAIT,UP,0,pa,No signal,1.0
2026-02-06 04:41:34.819827,BTCUSD,WAIT,UP,0,pa,No signal,1.0
2026-02-06 04:42:34.819827,BTCUSD,WAIT,UP,0,pa,No signal,1.0
2026-02-06 04:43:34.819827,BTCUSD,WAIT,UP,0,pa,No signal,1.0
2026-02-06 04:44:34.819827,BTCUSD,WAIT,UP,0,pa,No signal,1.0
2026-02-06 04:45:34.819827,BTCUSD,WAIT,DOWN,0,pa,No signal,1.0
2026-02-06 04:46:34.819827,BTCUSD,WAIT,UP,0,pa,No signal,1.0
2026-02-06 04:47:34.819827,BTCUSD,WAIT,UP,0,pa,No signal,1.0
2026-02-06 04:48:34.819827,BTCUSD,WAIT,UP,0,pa,No signal,1.0
2026-02-06 04:49:34.819827,BTCUSD,WAIT,UP,0,pa,No signal,1.0
2026-02-06 04:50:34.819827,BTCUSD,WAIT,UP,0,pa,No signal,1.0
2026-02-06 04:51:34.819827,BTCUSD,WAIT,UP,0,pa,No signal,1.0
2026-02-06 04:52:34.819827,BTCUSD,WAIT,UP,0,pa,No signal,1.0
2026-02-06 04:53:34.819827,BTCUSD,WAIT,UP,0,pa,No signal,1.0
2026-02-06 04:54:34.819827,BTCUSD,WAIT,DOWN,0,pa,No signal,1.0
2026-02-06 04:55:34.819827,BTCUSD,WAIT,DOWN,0,pa,No signal,1.0
2026-02-06 04:56:34.819827,BTCUSD,WAIT,DOWN,0,pa,No signal,1.0
2026-02-06 04:57:34.819827,BTCUSD,WAIT,DOWN,0,pa,No signal,1.0
2026-02-06 04:58:34.819827,BTCUSD,WAIT,DOWN,0,pa,No signal,1.0
2026-02-06 04:59:34.819827,BTCUSD,WAIT,DOWN,0,pa,No signal,1.0
2026-02-06 05:00:34.819827,BTCUSD,WAIT,UP,0,pa,No signal,1.0
2026-02-06 05:01:34.819827,BTCUSD,WAIT,DOWN,0,pa,No signal,1.0
2026-02-06 05:02:34.819827,BTCUSD,WAIT,DOWN,0,pa,No signal,1.0
2026-02-06 05:03:34.819827,BTCUSD,WAIT,DOWN,0,pa,No signal,1.0
2026-02-06 05:04:34.819827,BTCUSD,WAIT,UP,0,pa,No signal,1.0
2026-02-06 05:05:34.819827,BTCUSD,WAIT,DOWN,0,pa,No signal,1.0
2026-02-06 05:06:34.819827,BTCUSD,WAIT,DOWN,0,pa,No signal,1.0
2026-02-06 05:07:34.819827,BTCUSD,WAIT,DOWN,0,pa,No signal,1.0
2026-02-06 05:08:34.819827,BTCUSD,WAIT,DOWN,0,pa,No signal,1.0
2026-02-06 05:09:34.819827,BTCUSD,WAIT,DOWN,0,pa,No signal,1.0
2026-02-06 05:10:34.819827,BTCUSD,WAIT,DOWN,0,pa,No signal,1.0
2026-02-06 05:11:34.819827,BTCUSD,WAIT,DOWN,0,pa,No signal,1.0
2026-02-06 05:12:34.819827,BTCUSD,WAIT,DOWN,0,pa,No signal,1.0
2026-02-06 05:13:34.819827,BTCUSD,WAIT,DOWN,0,pa,No signal,1.0
2026-02-06 05:14:34.819827,BTCUSD,WAIT,DOWN,0,pa,No signal,1.0
2026-02-06 05:15:34.819827,BTCUSD,WAIT,UP,0,pa,No signal,1.0
2026-02-06 05:16:34.819827,BTCUSD,WAIT,DOWN,0,pa,No signal,1.0
2026-02-06 05:17:34.819827,BTCUSD,WAIT,DOWN,0,pa,No signal,1.0
2026-02-06 05:18:34.819827,BTCUSD,WAIT,UP,0,pa,No signal,1.0
2026-02-06 05:19:34.819827,BTCUSD,WAIT,DOWN,0,pa,No signal,1.0
2026-02-06 05:20:34.819827,BTCUSD,WAIT,DOWN,0,pa,No signal,1.0
2026-02-06 05:21:34.819827,BTCUSD,WAIT,UP,0,pa,No signal,1.0
2026-02-06 05:22:34.819827,BTCUSD,WAIT,UP,0,pa,No signal,1.0
2026-02-06 05:23:34.819827,BTCUSD,WAIT,UP,0,pa,No signal,1.0
2026-02-06 05:24:34.819827,BTCUSD,WAIT,UP,0,pa,No signal,1.0
2026-02-06 05:25:34.819827,BTCUSD,WAIT,DOWN,0,pa,No signal,1.0
2026-02-06 05:26:34.819827,BTCUSD,WAIT,UP,0,pa,No signal,1.0
2026-02-06 05:27:34.819827,BTCUSD,WAIT,DOWN,0,pa,No signal,1.0
2026-02-06 05:28:34.819827,BTCUSD,WAIT,UP,0,pa,No signal,1.0
2026-02-06 05:29:34.819827,BTCUSD,WAIT,UP,0,pa,No signal,1.0
2026-02-06 05:30:34.819827,BTCUSD,WAIT,UP,0,pa,No signal,1.0
2026-02-06 05:31:34.819827,BTCUSD,WAIT,UP,0,pa,No signal,1.0
2026-02-06 05:32:34.819827,BTCUSD,WAIT,UP,0,pa,No signal,1.0
2026-02-06 05:33:34.819827,BTCUSD,WAIT,UP,0,pa,No signal,1.0
2026-02-06 05:34:34.819827,BTCUSD,WAIT,UP,0,pa,No signal,1.0
2026-02-06 05:35:34.819827,BTCUSD,WAIT,UP,0,pa,No signal,1.0
2026-02-06 05:36:34.819827,BTCUSD,WAIT,UP,0,pa,No signal,1.0
2026-02-06 05:37:34.819827,BTCUSD,WAIT,UP,0,pa,No signal,1.0
2026-02-06 05:38:34.819827,BTCUSD,WAIT,UP,0,pa,No signal,1.0
2026-02-06 05:39:34.819827,BTCUSD,WAIT,UP,0,pa,No signal,1.0
2026-02-06 05:40:34.819827,BTCUSD,WAIT,UP,0,pa,No signal,1.0
2026-02-06 05:41:34.819827,BTCUSD,WAIT,UP,0,pa,No signal,1.0
2026-02-06 05:42:34.819827,BTCUSD,WAIT,UP,0,pa,No signal,1.0
2026-02-06 05:43:34.819827,BTCUSD,WAIT,UP,0,pa,No signal,1.0
2026-02-06 05:44:34.819827,BTCUSD,WAIT,DOWN,0,pa,No signal,1.0
2026-02-06 05:45:34.819827,BTCUSD,WAIT,DOWN,0,pa,No signal,1.0
2026-02-06 05:46:34.819827,BTCUSD,WAIT,DOWN,0,pa,No signal,1.0
2026-02-06 05:47:34.819827,BTCUSD,WAIT,DOWN,0,pa,No signal,1.0
2026-02-06 05:48:34.819827,BTCUSD,WAIT,DOWN,0,pa,No signal,1.0
2026-02-06 05:49:34.819827,BTCUSD,WAIT,DOWN,0,pa,No signal,1.0
2026-02-06 05:50:34.819827,BTCUSD,WAIT,UP,0,pa,No signal,1.0
2026-02-06 05:51:34.819827,BTCUSD,WAIT,DOWN,0,pa,No signal,1.0
2026-02-06 05:52:34.819827,BTCUSD,WAIT,DOWN,0,pa,No signal,1.0
2026-02-06 05:53:34.819827,BTCUSD,WAIT,DOWN,0,pa,No signal,1.0
2026-02-06 05:54:34.819827,BTCUSD,WAIT,DOWN,0,pa,No signal,1.0
2026-02-06 05:55:34.819827,BTCUSD,WAIT,DOWN,0,pa,No signal,1.0
2026-02-06 05:56:34.819827,BTCUSD,WAIT,DOWN,0,pa,No signal,1.0
2026-02-06 05:57:34.819827,BTCUSD,WAIT,DOWN,0,pa,No signal,1.0
2026-02-06 05:58:34.819827,BTCUSD,WAIT,DOWN,0,pa,No signal,1.0
2026-02-06 05:59:34.819827,BTCUSD,DOWN,DOWN,1,pa,Dynamic Breakout DOWN (Dev 2.5 + RSI 0.0),1.0
2026-02-06 06:00:34.819827,BTCUSD,WAIT,DOWN,0,pa,No signal,1.0
2026-02-06 06:01:34.819827,BTCUSD,WAIT,DOWN,0,pa,No signal,1.0
2026-02-06 06:02:34.819827,BTCUSD,WAIT,UP,0,pa,No signal,1.0
2026-02-06 06:03:34.819827,BTCUSD,WAIT,DOWN,0,pa,No signal,1.0
2026-02-06 06:04:34.819827,BTCUSD,WAIT,DOWN,0,pa,No signal,1.0
2026-02-06 06:05:34.819827,BTCUSD,WAIT,DOWN,0,pa,No signal,1.0
2026-02-06 06:06:34.819827,BTCUSD,WAIT,UP,0,pa,No signal,1.0
2026-02-06 06:07:34.819827,BTCUSD,WAIT,DOWN,0,pa,No signal,1.0
2026-02-06 06:08:34.819827,BTCUSD,WAIT,DOWN,0,pa,No signal,1.0
2026-02-06 06:09:34.819827,BTCUSD,WAIT,DOWN,0,pa,No signal,1.0
2026-02-06 06:10:34.819827,BTCUSD,WAIT,DOWN,0,pa,No signal,1.0
2026-02-06 06:11:34.819827,BTCUSD,WAIT,UP,0,pa,No signal,1.0
2026-02-06 06:12:34.819827,BTCUSD,WAIT,UP,0,pa,No signal,1.0
2026-02-06 06:13:34.819827,BTCUSD,WAIT,UP,0,pa,No signal,1.0
2026-02-06 06:14:34.819827,BTCUSD,WAIT,UP,0,pa,No signal,1.0
2026-02-06 06:15:34.819827,BTCUSD,WAIT,DOWN,0,pa,No signal,1.0
2026-02-06 06:16:34.819827,BTCUSD,WAIT,UP,0,pa,No signal,1.0
2026-02-06 06:17:34.819827,BTCUSD,WAIT,UP,0,pa,No signal,1.0
2026-02-06 06:18:34.819827,BTCUSD,WAIT,UP,0,pa,No signal,1.0
2026-02-06 06:19:34.819827,BTCUSD,WAIT,UP,0,pa,No signal,1.0
2026-02-06 06:20:34.819827,BTCUSD,WAIT,UP,0,pa,No signal,1.0
2026-02-06 06:21:34.819827,BTCUSD,WAIT,UP,0,pa,No signal,1.0
2026-02-06 06:22:34.819827,BTCUSD,WAIT,UP,0,pa,No signal,1.0
2026-02-06 06:23:34.819827,BTCUSD,WAIT,UP,0,pa,No signal,1.0
2026-02-06 06:24:34.819827,BTCUSD,WAIT,UP,0,pa,No signal,1.0
2026-02-06 06:25:34.819827,BTCUSD,WAIT,UP,0,pa,No signal,1.0
2026-02-06 06:26:34.819827,BTCUSD,WAIT,UP,0,pa,No signal,1.0
2026-02-06 06:27:34.819827,BTCUSD,WAIT,UP,0,pa,No signal,1.0
2026-02-06 06:28:34.819827,BTCUSD,WAIT,UP,0,pa,No signal,1.0
2026-02-06 06:29:34.819827,BTCUSD,WAIT,DOWN,0,pa,No signal,1.0
2026-02-06 06:30:34.819827,BTCUSD,WAIT,UP,0,pa,No signal,1.0
2026-02-06 06:31:34.819827,BTCUSD,WAIT,UP,0,pa,No signal,1.0
2026-02-06 06:32:34.819827,BTCUSD,WAIT,UP,0,pa,No signal,1.0
2026-02-06 06:33:34.819827,BTCUSD,WAIT,DOWN,0,pa,No signal,1.0
2026-02-06 06:34:34.819827,BTCUSD,WAIT,DOWN,0,pa,No signal,1.0
2026-02-06 06:35:34.819827,BTCUSD,WAIT,DOWN,0,pa,No signal,1.0
2026-02-06 06:36:34.819827,BTCUSD,WAIT,DOWN,0,pa,No signal,1.0
2026-02-06 06:37:34.819827,BTCUSD,WAIT,DOWN,0,pa,No signal,1.0
2026-02-06 06:38:34.819827,BTCUSD,WAIT,DOWN,0,pa,No signal,1.0
2026-02-06 06:39:34.819827,BTCUSD,WAIT,DOWN,0,pa,No signal,1.0
2026-02-06 06:40:34.819827,BTCUSD,WAIT,UP,0,pa,No signal,1.0
2026-02-06 06:41:34.819827,BTCUSD,WAIT,DOWN,0,pa,No signal,1.0
2026-02-06 06:42:34.819827,BTCUSD,WAIT,DOWN,0,pa,No signal,1.0
2026-02-06 06:43:34.819827,BTCUSD,WAIT,DOWN,0,pa,No signal,1.0
2026-02-06 06:44:34.819827,BTCUSD,WAIT,DOWN,0,pa,No signal,1.0
2026-02-06 06:45:34.819827,BTCUSD,WAIT,DOWN,0,pa,No signal,1.0
2026-02-06 06:46:34.819827,BTCUSD,WAIT,DOWN,0,pa,No signal,1.0
2026-02-06 06:47:34.819827,BTCUSD,WAIT,DOWN,0,pa,No signal,1.0
2026-02-06 06:48:34.819827,BTCUSD,WAIT,DOWN,0,pa,No signal,1.0
2026-02-06 06:49:34.819827,BTCUSD,WAIT,DOWN,0,pa,No signal,1.0
2026-02-06 06:50:34.819827,BTCUSD,DOWN,DOWN,1,pa,Dynamic Breakout DOWN (Dev 2.5 + RSI 0.0),1.0
2026-02-06 06:51:34.819827,BTCUSD,WAIT,DOWN,0,pa,No signal,1.0
2026-02-06 06:52:34.819827,BTCUSD,WAIT,DOWN,0,pa,No signal,1.0
2026-02-06 06:53:34.819827,BTCUSD,WAIT,DOWN,0,pa,No signal,1.0
2026-02-06 06:54:34.819827,BTCUSD,WAIT,UP,0,pa,No signal,1.0
2026-02-06 06:55:34.819827,BTCUSD,WAIT,DOWN,0,pa,No signal,1.0
2026-02-06 06:56:34.819827,BTCUSD,WAIT,DOWN,0,pa,No signal,1.0
2026-02-06 06:57:34.819827,BTCUSD,WAIT,DOWN,0,pa,No signal,1.0
2026-02-06 06:58:34.819827,BTCUSD,WAIT,UP,0,pa,No signal,1.0
2026-02-06 06:59:34.819827,BTCUSD,WAIT,DOWN,0,pa,No signal,1.0
2026-02-06 07:00:34.819827,BTCUSD,WAIT,DOWN,0,pa,No signal,1.0
2026-02-06 07:01:34.819827,BTCUSD,WAIT,UP,0,pa,No signal,1.0
2026-02-06 07:02:34.819827,BTCUSD,WAIT,UP,0,pa,No signal,1.0
2026-02-06 07:03:34.819827,BTCUSD,WAIT,UP,0,pa,No signal,1.0
2026-02-06 07:04:34.819827,BTCUSD,WAIT,UP,0,pa,No signal,1.0
2026-02-06 07:05:34.819827,BTCUSD,WAIT,DOWN,0,pa,No signal,1.0
2026-02-06 07:06:34.819827,BTCUSD,WAIT,UP,0,pa,No signal,1.0
2026-02-06 07:07:34.819827,BTCUSD,WAIT,UP,0,pa,No signal,1.0
2026-02-06 07:08:34.819827,BTCUSD,WAIT,UP,0,pa,No signal,1.0
2026-02-06 07:09:34.819827,BTCUSD,WAIT,DOWN,0,pa,No signal,1.0
2026-02-06 07:10:34.819827,BTCUSD,WAIT,UP,0,pa,No signal,1.0
2026-02-06 07:11:34.819827,BTCUSD,WAIT,UP,0,pa,No signal,1.0
2026-02-06 07:12:34.819827,BTCUSD,WAIT,UP,0,pa,No signal,1.0
2026-02-06 07:13:34.819827,BTCUSD,WAIT,UP,0,pa,No signal,1.0
2026-02-06 07:14:34.819827,BTCUSD,UP,UP,1,pa,Dynamic Breakout UP (Dev 2.5 + RSI 99.0),1.0
2026-02-06 07:15:34.819827,BTCUSD,WAIT,UP,0,pa,No signal,1.0
2026-02-06 07:16:34.819827,BTCUSD,WAIT,UP,0,pa,No signal,1.0
2026-02-06 07:17:34.819827,BTCUSD,WAIT,UP,0,pa,No signal,1.0
2026-02-06 07:18:34.819827,BTCUSD,WAIT,DOWN,0,pa,No signal,1.0
2026-02-06 07:19:34.819827,BTCUSD,WAIT,UP,0,pa,No signal,1.0
2026-02-06 07:20:34.819827,BTCUSD,WAIT,UP,0,pa,No signal,1.0
2026-02-06 07:21:34.819827,BTCUSD,WAIT,UP,0,pa,No signal,1.0
2026-02-06 07:22:34.819827,BTCUSD,WAIT,UP,0,pa,No signal,1.0
2026-02-06 07:23:34.819827,BTCUSD,WAIT,UP,0,pa,No signal,1.0
2026-02-06 07:24:34.819827,BTCUSD,WAIT,DOWN,0,pa,No signal,1.0
2026-02-06 07:25:34.819827,BTCUSD,WAIT,DOWN,0,pa,No signal,1.0
2026-02-06 07:26:34.819827,BTCUSD,WAIT,DOWN,0,pa,No signal,1.0
2026-02-06 07:27:34.819827,BTCUSD,WAIT,DOWN,0,pa,No signal,1.0
2026-02-06 07:28:34.819827,BTCUSD,WAIT,DOWN,0,pa,No signal,1.0
2026-02-06 07:29:34.819827,BTCUSD,WAIT,DOWN,0,pa,No signal,1.0
2026-02-06 07:30:34.819827,BTCUSD,WAIT,UP,0,pa,No signal,1.0
2026-02-06 07:31:34.819827,BTCUSD,WAIT,DOWN,0,pa,No signal,1.0
2026-02-06 07:32:34.819827,BTCUSD,WAIT,UP,0,pa,No signal,1.0
2026-02-06 07:33:34.819827,BTCUSD,WAIT,DOWN,0,pa,No signal,1.0
2026-02-06 07:34:34.819827,BTCUSD,WAIT,DOWN,0,pa,No signal,1.0
2026-02-06 07:35:34.819827,BTCUSD,WAIT,DOWN,0,pa,No signal,1.0
2026-02-06 07:36:34.819827,BTCUSD,WAIT,DOWN,0,pa,No signal,1.0
2026-02-06 07:37:34.819827,BTCUSD,WAIT,DOWN,0,pa,No signal,1.0
2026-02-06 07:38:34.819827,BTCUSD,WAIT,DOWN,0,pa,No signal,1.0
2026-02-06 07:39:34.819827,BTCUSD,WAIT,DOWN,0,pa,No signal,1.0
2026-02-06 07:40:34.819827,BTCUSD,WAIT,UP,0,pa,No signal,1.0
2026-02-06 07:41:34.819827,BTCUSD,WAIT,DOWN,0,pa,No signal,1.0
2026-02-06 07:42:34.819827,BTCUSD,WAIT,DOWN,0,pa,No signal,1.0
2026-02-06 07:43:34.819827,BTCUSD,WAIT,DOWN,0,pa,No signal,1.0
2026-02-06 07:44:34.819827,BTCUSD,WAIT,DOWN,0,pa,No signal,1.0
2026-02-06 07:45:34.819827,BTCUSD,WAIT,DOWN,0,pa,No signal,1.0
2026-02-06 07:46:34.819827,BTCUSD,WAIT,DOWN,0,pa,No signal,1.0
2026-02-06 07:47:34.819827,BTCUSD,WAIT,DOWN,0,pa,No signal,1.0
2026-02-06 07:48:34.819827,BTCUSD,WAIT,UP,0,pa,No signal,1.0
2026-02-06 07:49:34.819827,BTCUSD,WAIT,DOWN,0,pa,No signal,1.0
2026-02-06 07:50:34.819827,BTCUSD,WAIT,DOWN,0,pa,No signal,1.0
2026-02-06 07:51:34.819827,BTCUSD,WAIT,UP,0,pa,No signal,1.0
2026-02-06 07:52:34.819827,BTCUSD,WAIT,UP,0,pa,No signal,1.0
2026-02-06 07:53:34.819827,BTCUSD,WAIT,UP,0,pa,No signal,1.0
2026-02-06 07:54:34.819827,BTCUSD,WAIT,UP,0,pa,No signal,1.0
2026-02-06 07:55:34.819827,BTCUSD,WAIT,DOWN,0,pa,No signal,1.0
2026-02-06 07:56:34.819827,BTCUSD,WAIT,UP,0,pa,No signal,1.0
2026-02-06 07:57:34.819827,BTCUSD,WAIT,UP,0,pa,No signal,1.0
2026-02-06 07:58:34.819827,BTCUSD,WAIT,UP,0,pa,No signal,1.0
2026-02-06 07:59:34.819827,BTCUSD,WAIT,UP,0,pa,No signal,1.0
2026-02-06 08:00:34.819827,BTCUSD,WAIT,UP,0,pa,No signal,1.0
2026-02-06 08:01:34.819827,BTCUSD,WAIT,UP,0,pa,No signal,1.0
2026-02-06 08:02:34.819827,BTCUSD,WAIT,UP,0,pa,No signal,1.0
2026-02-06 08:03:34.819827,BTCUSD,WAIT,UP,0,pa,No signal,1.0
2026-02-06 08:04:34.819827,BTCUSD,WAIT,UP,0,pa,No signal,1.0
2026-02-06 08:05:34.819827,BTCUSD,UP,UP,1,pa,Dynamic Breakout UP (Dev 2.5 + RSI 100.0),1.0
2026-02-06 08:06:34.819827,BTCUSD,WAIT,UP,0,pa,No signal,1.0
2026-02-06 08:07:34.819827,BTCUSD,WAIT,UP,0,pa,No signal,1.0
2026-02-06 08:08:34.819827,BTCUSD,WAIT,UP,0,pa,No signal,1.0
2026-02-06 08:09:34.819827,BTCUSD,WAIT,DOWN,0,pa,No signal,1.0
2026-02-06 08:10:34.819827,BTCUSD,WAIT,UP,0,pa,No signal,1.0
2026-02-06 08:11:34.819827,BTCUSD,WAIT,DOWN,0,pa,No signal,1.0
2026-02-06 08:12:34.819827,BTCUSD,WAIT,UP,0,pa,No signal,1.0
2026-02-06 08:13:34.819827,BTCUSD,WAIT,DOWN,0,pa,No signal,1.0
2026-02-06 08:14:34.819827,BTCUSD,WAIT,DOWN,0,pa,No signal,1.0
2026-02-06 08:15:34.819827,BTCUSD,WAIT,DOWN,0,pa,No signal,1.0
2026-02-06 08:16:34.819827,BTCUSD,WAIT,DOWN,0,pa,No signal,1.0
2026-02-06 08:17:34.819827,BTCUSD,WAIT,DOWN,0,pa,No signal,1.0
2026-02-06 08:18:34.819827,BTCUSD,WAIT,DOWN,0,pa,No signal,1.0
2026-02-06 08:19:34.819827,BTCUSD,WAIT,DOWN,0,pa,No signal,1.0
2026-02-06 08:20:34.819827,BTCUSD,WAIT,UP,0,pa,No signal,1.0
2026-02-06 08:21:34.819827,BTCUSD,WAIT,DOWN,0,pa,No signal,1.0
2026-02-06 08:22:34.819827,BTCUSD,WAIT,DOWN,0,pa,No signal,1.0
2026-02-06 08:23:34.819827,BTCUSD,WAIT,DOWN,0,pa,No signal,1.0
2026-02-06 08:24:34.819827,BTCUSD,WAIT,DOWN,0,pa,No signal,1.0
2026-02-06 08:25:34.819827,BTCUSD,WAIT,DOWN,0,pa,No signal,1.0
2026-02-06 08:26:34.819827,BTCUSD,WAIT,DOWN,0,pa,No signal,1.0
2026-02-06 08:27:34.819827,BTCUSD,WAIT,DOWN,0,pa,No signal,1.0
2026-02-06 08:28:34.819827,BTCUSD,WAIT,DOWN,0,pa,No signal,1.0
2026-02-06 08:29:34.819827,BTCUSD,WAIT,DOWN,0,pa,No signal,1.0
2026-02-06 08:30:34.819827,BTCUSD,WAIT,DOWN,0,pa,No signal,1.0
2026-02-06 08:31:34.819827,BTCUSD,WAIT,DOWN,0,pa,No signal,1.0
2026-02-06 08:32:34.819827,BTCUSD,WAIT,DOWN,0,pa,No signal,1.0
2026-02-06 08:33:34.819827,BTCUSD,WAIT,DOWN,0,pa,No signal,1.0
2026-02-06 08:34:34.819827,BTCUSD,WAIT,DOWN,0,pa,No signal,1.0
2026-02-06 08:35:34.819827,BTCUSD,WAIT,DOWN,0,pa,No signal,1.0
2026-02-06 08:36:34.819827,BTCUSD,WAIT,DOWN,0,pa,No signal,1.0
2026-02-06 08:37:34.819827,BTCUSD,WAIT,UP,0,pa,No signal,1.0
2026-02-06 08:38:34.819827,BTCUSD,WAIT,DOWN,0,pa,No signal,1.0
2026-02-06 08:39:34.819827,BTCUSD,WAIT,DOWN,0,pa,No signal,1.0
2026-02-06 08:40:34.819827,BTCUSD,WAIT,DOWN,0,pa,No signal,1.0
2026-02-06 08:41:34.819827,BTCUSD,WAIT,UP,0,pa,No signal,1.0
2026-02-06 08:42:34.819827,BTCUSD,WAIT,UP,0,pa,No signal,1.0
2026-02-06 08:43:34.819827,BTCUSD,WAIT,UP,0,pa,No signal,1.0
2026-02-06 08:44:34.819827,BTCUSD,WAIT,UP,0,pa,No signal,1.0
2026-02-06 08:45:34.819827,BTCUSD,WAIT,DOWN,0,pa,No signal,1.0
2026-02-06 08:46:34.819827,BTCUSD,WAIT,UP,0,pa,No signal,1.0
2026-02-06 08:47:34.819827,BTCUSD,WAIT,UP,0,pa,No signal,1.0
2026-02-06 08:48:34.819827,BTCUSD,WAIT,UP,0,pa,No signal,1.0
2026-02-06 08:49:34.819827,BTCUSD,WAIT,UP,0,pa,No signal,1.0
2026-02-06 08:50:34.819827,BTCUSD,WAIT,UP,0,pa,No signal,1.0
2026-02-06 08:51:34.819827,BTCUSD,WAIT,UP,0,pa,No signal,1.0
2026-02-06 08:52:34.819827,BTCUSD,WAIT,UP,0,pa,No signal,1.0
2026-02-06 08:53:34.819827,BTCUSD,WAIT,UP,0,pa,No signal,1.0
2026-02-06 08:54:34.819827,BTCUSD,WAIT,UP,0,pa,No signal,1.0
2026-02-06 08:55:34.819827,BTCUSD,WAIT,UP,0,pa,No signal,1.0
2026-02-06 08:56:34.819827,BTCUSD,WAIT,UP,0,pa,No signal,1.0
2026-02-06 08:57:34.819827,BTCUSD,WAIT,UP,0,pa,No signal,1.0
2026-02-06 08:58:34.819827,BTCUSD,WAIT,UP,0,pa,No signal,1.0
2026-02-06 08:59:34.819827,BTCUSD,WAIT,DOWN,0,pa,No signal,1.0
2026-02-06 09:00:34.819827,BTCUSD,WAIT,UP,0,pa,No signal,1.0
2026-02-06 09:01:34.819827,BTCUSD,WAIT,UP,0,pa,No signal,1.0
2026-02-06 09:02:34.819827,BTCUSD,WAIT,UP,0,pa,No signal,1.0
2026-02-06 09:03:34.819827,BTCUSD,WAIT,DOWN,0,pa,No signal,1.0
2026-02-06 09:04:34.819827,BTCUSD,WAIT,DOWN,0,pa,No signal,1.0
2026-02-06 09:05:34.819827,BTCUSD,WAIT,DOWN,0,pa,No signal,1.0
2026-02-06 09:06:34.819827,BTCUSD,WAIT,DOWN,0,pa,No signal,1.0
2026-02-06 09:07:34.819827,BTCUSD,WAIT,DOWN,0,pa,No signal,1.0
2026-02-06 09:08:34.819827,BTCUSD,WAIT,DOWN,0,pa,No signal,1.0
2026-02-06 09:09:34.819827,BTCUSD,WAIT,DOWN,0,pa,No signal,1.0
2026-02-06 09:10:34.819827,BTCUSD,WAIT,UP,0,pa,No signal,1.0
2026-02-06 09:11:34.819827,BTCUSD,WAIT,DOWN,0,pa,No signal,1.0
2026-02-06 09:12:34.819827,BTCUSD,WAIT,UP,0,pa,No signal,1.0
2026-02-06 09:13:34.819827,BTCUSD,WAIT,DOWN,0,pa,No signal,1.0
2026-02-06 09:14:34.819827,BTCUSD,WAIT,DOWN,0,pa,No signal,1.0
2026-02-06 09:15:34.819827,BTCUSD,WAIT,DOWN,0,pa,No signal,1.0
2026-02-06 09:16:34.819827,BTCUSD,WAIT,DOWN,0,pa,No signal,1.0
2026-02-06 09:17:34.819827,BTCUSD,WAIT,DOWN,0,pa,No signal,1.0
2026-02-06 09:18:34.819827,BTCUSD,WAIT,DOWN,0,pa,No signal,1.0
2026-02-06 09:19:34.819827,BTCUSD,DOWN,DOWN,1,pa,Dynamic Breakout DOWN (Dev 2.5 + RSI 3.0),1.0
2026-02-06 09:20:34.819827,BTCUSD,DOWN,DOWN,1,pa,Dynamic Breakout DOWN (Dev 2.5 + RSI 0.0),1.0
2026-02-06 09:21:34.819827,BTCUSD,WAIT,DOWN,0,pa,No signal,1.0
2026-02-06 09:22:34.819827,BTCUSD,WAIT,DOWN,0,pa,No signal,1.0
2026-02-06 09:23:34.819827,BTCUSD,WAIT,DOWN,0,pa,No signal,1.0
2026-02-06 09:24:34.819827,BTCUSD,WAIT,DOWN,0,pa,No signal,1.0
2026-02-06 09:25:34.819827,BTCUSD,WAIT,UP,0,pa,No signal,1.0
2026-02-06 09:26:34.819827,BTCUSD,WAIT,DOWN,0,pa,No signal,1.0
2026-02-06 09:27:34.819827,BTCUSD,WAIT,DOWN,0,pa,No signal,1.0
2026-02-06 09:28:34.819827,BTCUSD,WAIT,DOWN,0,pa,No signal,1.0
2026-02-06 09:29:34.819827,BTCUSD,WAIT,DOWN,0,pa,No signal,1.0
2026-02-06 09:30:34.819827,BTCUSD,WAIT,DOWN,0,pa,No signal,1.0
2026-02-06 09:31:34.819827,BTCUSD,WAIT,UP,0,pa,No signal,1.0
2026-02-06 09:32:34.819827,BTCUSD,WAIT,UP,0,pa,No signal,1.0
2026-02-06 09:33:34.819827,BTCUSD,WAIT,UP,0,pa,No signal,1.0
2026-02-06 09:34:34.819827,BTCUSD,WAIT,UP,0,pa,No signal,1.0
2026-02-06 09:35:34.819827,BTCUSD,WAIT,DOWN,0,pa,No signal,1.0
2026-02-06 09:36:34.819827,BTCUSD,WAIT,UP,0,pa,No signal,1.0
2026-02-06 09:37:34.819827,BTCUSD,WAIT,UP,0,pa,No signal,1.0
2026-02-06 09:38:34.819827,BTCUSD,WAIT,UP,0,pa,No signal,1.0
2026-02-06 09:39:34.819827,BTCUSD,WAIT,UP,0,pa,No signal,1.0
2026-02-06 09:40:34.819827,BTCUSD,WAIT,UP,0,pa,No signal,1.0
2026-02-06 09:41:34.819827,BTCUSD,WAIT,UP,0,pa,No signal,1.0
2026-02-06 09:42:34.819827,BTCUSD,WAIT,UP,0,pa,No signal,1.0
2026-02-06 09:43:34.819827,BTCUSD,WAIT,UP,0,pa,No signal,1.0
2026-02-06 09:44:34.819827,BTCUSD,WAIT,UP,0,pa,No signal,1.0
2026-02-06 09:45:34.819827,BTCUSD,WAIT,UP,0,pa,No signal,1.0
2026-02-06 09:46:34.819827,BTCUSD,WAIT,UP,0,pa,No signal,1.0
2026-02-06 09:47:34.819827,BTCUSD,WAIT,UP,0,pa,No signal,1.0
2026-02-06 09:48:34.819827,BTCUSD,WAIT,UP,0,pa,No signal,1.0
2026-02-06 09:49:34.819827,BTCUSD,WAIT,UP,0,pa,No signal,1.0
2026-02-06 09:50:34.819827,BTCUSD,WAIT,UP,0,pa,No signal,1.0
2026-02-06 09:51:34.819827,BTCUSD,WAIT,UP,0,pa,No signal,1.0
2026-02-06 09:52:34.819827,BTCUSD,WAIT,DOWN,0,pa,No signal,1.0
2026-02-06 09:53:34.819827,BTCUSD,WAIT,UP,0,pa,No signal,1.0
2026-02-06 09:54:34.819827,BTCUSD,WAIT,DOWN,0,pa,No signal,1.0
2026-02-06 09:55:34.819827,BTCUSD,WAIT,DOWN,0,pa,No signal,1.0
2026-02-06 09:56:34.819827,BTCUSD,WAIT,DOWN,0,pa,No signal,1.0
2026-02-06 09:57:34.819827,BTCUSD,WAIT,DOWN,0,pa,No signal,1.0
2026-02-06 09:58:34.819827,BTCUSD,WAIT,DOWN,0,pa,No signal,1.0
2026-02-06 09:59:34.819827,BTCUSD,WAIT,DOWN,0,pa,No signal,1.0
2026-02-06 10:00:34.819827,BTCUSD,WAIT,UP,0,pa,No signal,1.0
2026-02-06 10:01:34.819827,BTCUSD,WAIT,DOWN,0,pa,No signal,1.0
2026-02-06 10:02:34.819827,BTCUSD,WAIT,DOWN,0,pa,No signal,1.0
2026-02-06 10:03:34.819827,BTCUSD,WAIT,DOWN,0,pa,No signal,1.0
2026-02-06 10:04:34.819827,BTCUSD,WAIT,DOWN,0,pa,No signal,1.0
2026-02-06 10:05:34.819827,BTCUSD,WAIT,DOWN,0,pa,No signal,1.0
2026-02-06 10:06:34.819827,BTCUSD,WAIT,DOWN,0,pa,No signal,1.0
2026-02-06 10:07:34.819827,BTCUSD,WAIT,DOWN,0,pa,No signal,1.0
2026-02-06 10:08:34.819827,BTCUSD,WAIT,DOWN,0,pa,No signal,1.0
2026-02-06 10:09:34.819827,BTCUSD,WAIT,DOWN,0,pa,No signal,1.0
2026-02-06 10:10:34.819827,BTCUSD,WAIT,DOWN,0,pa,No signal,1.0
2026-02-06 10:11:34.819827,BTCUSD,WAIT,DOWN,0,pa,No signal,1.0
2026-02-06 10:12:34.819827,BTCUSD,WAIT,DOWN,0,pa,No signal,1.0
2026-02-06 10:13:34.819827,BTCUSD,WAIT,DOWN,0,pa,No signal,1.0
2026-02-06 10:14:34.819827,BTCUSD,WAIT,DOWN,0,pa,No signal,1.0
2026-02-06 10:15:34.819827,BTCUSD,WAIT,DOWN,0,pa,No signal,1.0
2026-02-06 10:16:34.819827,BTCUSD,WAIT,DOWN,0,pa,No signal,1.0
2026-02-06 10:17:34.819827,BTCUSD,WAIT,DOWN,0,pa,No signal,1.0
2026-02-06 10:18:34.819827,BTCUSD,WAIT,DOWN,0,pa,No signal,1.0
2026-02-06 10:19:34.819827,BTCUSD,WAIT,DOWN,0,pa,No signal,1.0
2026-02-06 10:20:34.819827,BTCUSD,WAIT,DOWN,0,pa,No signal,1.0
2026-02-06 10:21:34.819827,BTCUSD,WAIT,UP,0,pa,No signal,1.0
2026-02-06 10:22:34.819827,BTCUSD,WAIT,UP,0,pa,No signal,1.0
2026-02-06 10:23:34.819827,BTCUSD,WAIT,UP,0,pa,No signal,1.0
2026-02-06 10:24:34.819827,BTCUSD,WAIT,UP,0,pa,No signal,1.0
2026-02-06 10:25:34.819827,BTCUSD,WAIT,DOWN,0,pa,No signal,1.0
2026-02-06 10:26:34.819827,BTCUSD,WAIT,UP,0,pa,No signal,1.0
2026-02-06 10:27:34.819827,BTCUSD,WAIT,UP,0,pa,No signal,1.0
2026-02-06 10:28:34.819827,BTCUSD,WAIT,UP,0,pa,No signal,1.0
2026-02-06 10:29:34.819827,BTCUSD,WAIT,UP,0,pa,No signal,1.0
2026-02-06 10:30:34.819827,BTCUSD,WAIT,UP,0,pa,No signal,1.0
2026-02-06 10:31:34.819827,BTCUSD,WAIT,DOWN,0,pa,No signal,1.0
2026-02-06 10:32:34.819827,BTCUSD,WAIT,UP,0,pa,No signal,1.0
2026-02-06 10:33:34.819827,BTCUSD,WAIT,UP,0,pa,No signal,1.0
2026-02-06 10:34:34.819827,BTCUSD,WAIT,UP,0,pa,No signal,1.0
2026-02-06 10:35:34.819827,BTCUSD,WAIT,UP,0,pa,No signal,1.0
2026-02-06 10:36:34.819827,BTCUSD,WAIT,UP,0,pa,No signal,1.0
2026-02-06 10:37:34.819827,BTCUSD,WAIT,UP,0,pa,No signal,1.0
2026-02-06 10:38:34.819827,BTCUSD,WAIT,DOWN,0,pa,No signal,1.0
2026-02-06 10:39:34.819827,BTCUSD,WAIT,UP,0,pa,No signal,1.0
2026-02-06 10:40:34.819827,BTCUSD,WAIT,UP,0,pa,No signal,1.0
2026-02-06 10:41:34.819827,BTCUSD,WAIT,UP,0,pa,No signal,1.0
2026-02-06 10:42:34.819827,BTCUSD,WAIT,UP,0,pa,No signal,1.0
2026-02-06 10:43:34.819827,BTCUSD,WAIT,DOWN,0,pa,No signal,1.0
2026-02-06 10:44:34.819827,BTCUSD,WAIT,DOWN,0,pa,No signal,1.0
2026-02-06 10:45:34.819827,BTCUSD,WAIT,DOWN,0,pa,No signal,1.0
2026-02-06 10:46:34.819827,BTCUSD,WAIT,DOWN,0,pa,No signal,1.0
2026-02-06 10:47:34.819827,BTCUSD,WAIT,DOWN,0,pa,No signal,1.0
2026-02-06 10:48:34.819827,BTCUSD,WAIT,DOWN,0,pa,No signal,1.0
2026-02-06 10:49:34.819827,BTCUSD,WAIT,DOWN,0,pa,No signal,1.0
2026-02-06 10:50:34.819827,BTCUSD,WAIT,UP,0,pa,No signal,1.0
2026-02-06 10:51:34.819827,BTCUSD,WAIT,DOWN,0,pa,No signal,1.0
2026-02-06 10:52:34.819827,BTCUSD,WAIT,DOWN,0,pa,No signal,1.0
2026-02-06 10:53:34.819827,BTCUSD,WAIT,DOWN,0,pa,No signal,1.0
2026-02-06 10:54:34.819827,BTCUSD,WAIT,DOWN,0,pa,No signal,1.0
2026-02-06 10:55:34.819827,BTCUSD,WAIT,DOWN,0,pa,No signal,1.0
2026-02-06 10:56:34.819827,BTCUSD,WAIT,DOWN,0,pa,No signal,1.0
2026-02-06 10:57:34.819827,BTCUSD,WAIT,DOWN,0,pa,No signal,1.0
2026-02-06 10:58:34.819827,BTCUSD,WAIT,DOWN,0,pa,No signal,1.0
2026-02-06 10:59:34.819827,BTCUSD,WAIT,DOWN,0,pa,No signal,1.0
2026-02-06 11:00:34.819827,BTCUSD,WAIT,DOWN,0,pa,No signal,1.0
2026-02-06 11:01:34.819827,BTCUSD,WAIT,DOWN,0,pa,No signal,1.0
2026-02-06 11:02:34.819827,BTCUSD,WAIT,DOWN,0,pa,No signal,1.0
2026-02-06 11:03:34.819827,BTCUSD,WAIT,DOWN,0,pa,No signal,1.0
2026-02-06 11:04:34.819827,BTCUSD,WAIT,DOWN,0,pa,No signal,1.0
2026-02-06 11:05:34.819827,BTCUSD,WAIT,DOWN,0,pa,No signal,1.0
2026-02-06 11:06:34.819827,BTCUSD,WAIT,UP,0,pa,No signal,1.0
2026-02-06 11:07:34.819827,BTCUSD,WAIT,DOWN,0,pa,No signal,1.0
2026-02-06 11:08:34.819827,BTCUSD,WAIT,DOWN,0,pa,No signal,1.0
2026-02-06 11:09:34.819827,BTCUSD,WAIT,DOWN,0,pa,No signal,1.0
2026-02-06 11:10:34.819827,BTCUSD,WAIT,DOWN,0,pa,No signal,1.0
2026-02-06 11:11:34.819827,BTCUSD,WAIT,UP,0,pa,No signal,1.0
2026-02-06 11:12:34.819827,BTCUSD,WAIT,UP,0,pa,No signal,1.0
2026-02-06 11:13:34.819827,BTCUSD,WAIT,UP,0,pa,No signal,1.0
2026-02-06 11:14:34.819827,BTCUSD,WAIT,UP,0,pa,No signal,1.0
2026-02-06 11:15:34.819827,BTCUSD,WAIT,DOWN,0,pa,No signal,1.0
2026-02-06 11:16:34.819827,BTCUSD,WAIT,UP,0,pa,No signal,1.0
2026-02-06 11:17:34.819827,BTCUSD,WAIT,UP,0,pa,No signal,1.0
2026-02-06 11:18:34.819827,BTCUSD,WAIT,UP,0,pa,No signal,1.0
2026-02-06 11:19:34.819827,BTCUSD,WAIT,UP,0,pa,No signal,1.0
2026-02-06 11:20:34.819827,BTCUSD,WAIT,UP,0,pa,No signal,1.0
2026-02-06 11:21:34.819827,BTCUSD,WAIT,UP,0,pa,No signal,1.0
2026-02-06 11:22:34.819827,BTCUSD,WAIT,UP,0,pa,No signal,1.0
2026-02-06 11:23:34.819827,BTCUSD,WAIT,UP,0,pa,No signal,1.0
2026-02-06 11:24:34.819827,BTCUSD,WAIT,UP,0,pa,No signal,1.0
2026-02-06 11:25:34.819827,BTCUSD,WAIT,UP,0,pa,No signal,1.0
2026-02-06 11:26:34.819827,BTCUSD,WAIT,UP,0,pa,No signal,1.0
2026-02-06 11:27:34.819827,BTCUSD,WAIT,UP,0,pa,No signal,1.0
2026-02-06 11:28:34.819827,BTCUSD,WAIT,UP,0,pa,No signal,1.0
2026-02-06 11:29:34.819827,BTCUSD,WAIT,UP,0,pa,No signal,1.0
2026-02-06 11:30:34.819827,BTCUSD,WAIT,UP,0,pa,No signal,1.0
2026-02-06 11:31:34.819827,BTCUSD,WAIT,UP,0,pa,No signal,1.0
2026-02-06 11:32:34.819827,BTCUSD,WAIT,UP,0,pa,No signal,1.0
2026-02-06 11:33:34.819827,BTCUSD,WAIT,DOWN,0,pa,No signal,1.0
2026-02-06 11:34:34.819827,BTCUSD,WAIT,DOWN,0,pa,No signal,1.0
2026-02-06 11:35:34.819827,BTCUSD,WAIT,DOWN,0,pa,No signal,1.0
2026-02-06 11:36:34.819827,BTCUSD,WAIT,DOWN,0,pa,No signal,1.0
2026-02-06 11:37:34.819827,BTCUSD,WAIT,DOWN,0,pa,No signal,1.0
2026-02-06 11:38:34.819827,BTCUSD,WAIT,DOWN,0,pa,No signal,1.0
2026-02-06 11:39:34.819827,BTCUSD,WAIT,DOWN,0,pa,No signal,1.0
2026-02-06 11:40:34.819827,BTCUSD,WAIT,UP,0,pa,No signal,1.0
2026-02-06 11:41:34.819827,BTCUSD,WAIT,DOWN,0,pa,No signal,1.0
2026-02-06 11:42:34.819827,BTCUSD,WAIT,DOWN,0,pa,No signal,1.0
2026-02-06 11:43:34.819827,BTCUSD,WAIT,DOWN,0,pa,No signal,1.0
2026-02-06 11:44:34.819827,BTCUSD,WAIT,DOWN,0,pa,No signal,1.0
2026-02-06 11:45:34.819827,BTCUSD,WAIT,DOWN,0,pa,No signal,1.0
2026-02-06 11:46:34.819827,BTCUSD,WAIT,DOWN,0,pa,No signal,1.0
2026-02-06 11:47:34.819827,BTCUSD,WAIT,DOWN,0,pa,No signal,1.0
2026-02-06 11:48:34.819827,BTCUSD,WAIT,DOWN,0,pa,No signal,1.0
2026-02-06 11:49:34.819827,BTCUSD,WAIT,DOWN,0,pa,No signal,1.0
2026-02-06 11:50:34.819827,BTCUSD,WAIT,DOWN,0,pa,No signal,1.0
2026-02-06 11:51:34.819827,BTCUSD,WAIT,DOWN,0,pa,No signal,1.0
2026-02-06 11:52:34.819827,BTCUSD,WAIT,DOWN,0,pa,No signal,1.0
2026-02-06 11:53:34.819827,BTCUSD,WAIT,DOWN,0,pa,No signal,1.0
2026-02-06 11:54:34.819827,BTCUSD,WAIT,UP,0,pa,No signal,1.0
2026-02-06 11:55:34.819827,BTCUSD,WAIT,DOWN,0,pa,No signal,1.0
2026-02-06 11:56:34.819827,BTCUSD,WAIT,DOWN,0,pa,No signal,1.0
2026-02-06 11:57:34.819827,BTCUSD,WAIT,UP,0,pa,No signal,1.0
2026-02-06 11:58:34.819827,BTCUSD,WAIT,DOWN,0,pa,No signal,1.0
2026-02-06 11:59:34.819827,BTCUSD,WAIT,DOWN,0,pa,No signal,1.0
2026-02-06 12:00:34.819827,BTCUSD,WAIT,DOWN,0,pa,No signal,1.0
2026-02-06 12:01:34.819827,BTCUSD,WAIT,UP,0,pa,No signal,1.0
2026-02-06 12:02:34.819827,BTCUSD,WAIT,UP,0,pa,No signal,1.0
2026-02-06 12:03:34.819827,BTCUSD,WAIT,UP,0,pa,No signal,1.0
2026-02-06 12:04:34.819827,BTCUSD,WAIT,UP,0,pa,No signal,1.0
2026-02-06 12:05:34.819827,BTCUSD,WAIT,DOWN,0,pa,No signal,1.0
2026-02-06 12:06:34.819827,BTCUSD,WAIT,UP,0,pa,No signal,1.0
2026-02-06 12:07:34.819827,BTCUSD,WAIT,UP,0,pa,No signal,1.0
2026-02-06 12:08:34.819827,BTCUSD,WAIT,DOWN,0,pa,No signal,1.0
2026-02-06 12:09:34.819827,BTCUSD,WAIT,UP,0,pa,No signal,1.0
2026-02-06 12:10:34.819827,BTCUSD,WAIT,UP,0,pa,No signal,1.0
2026-02-06 12:11:34.819827,BTCUSD,WAIT,UP,0,pa,No signal,1.0
2026-02-06 12:12:34.819827,BTCUSD,WAIT,UP,0,pa,No signal,1.0
2026-02-06 12:13:34.819827,BTCUSD,WAIT,UP,0,pa,No signal,1.0
2026-02-06 12:14:34.819827,BTCUSD,WAIT,UP,0,pa,No signal,1.0
2026-02-06 12:15:34.819827,BTCUSD,WAIT,UP,0,pa,No signal,1.0
2026-02-06 12:16:34.819827,BTCUSD,WAIT,UP,0,pa,No signal,1.0
2026-02-06 12:17:34.819827,BTCUSD,WAIT,UP,0,pa,No signal,1.0
2026-02-06 12:18:34.819827,BTCUSD,WAIT,UP,0,pa,No signal,1.0
2026-02-06 12:19:34.819827,BTCUSD,WAIT,UP,0,pa,No signal,1.0
2026-02-06 12:20:34.819827,BTCUSD,WAIT,UP,0,pa,No signal,1.0
2026-02-06 12:21:34.819827,BTCUSD,WAIT,UP,0,pa,No signal,1.0
2026-02-06 12:22:34.819827,BTCUSD,WAIT,UP,0,pa,No signal,1.0
2026-02-06 12:23:34.819827,BTCUSD,WAIT,DOWN,0,pa,No signal,1.0
2026-02-06 12:24:34.819827,BTCUSD,WAIT,DOWN,0,pa,No signal,1.0
2026-02-06 12:25:34.819827,BTCUSD,WAIT,DOWN,0,pa,No signal,1.0
2026-02-06 12:26:34.819827,BTCUSD,WAIT,DOWN,0,pa,No signal,1.0
2026-02-06 12:27:34.819827,BTCUSD,WAIT,DOWN,0,pa,No signal,1.0
2026-02-06 12:28:34.819827,BTCUSD,WAIT,DOWN,0,pa,No signal,1.0
2026-02-06 12:29:34.819827,BTCUSD,WAIT,DOWN,0,pa,No signal,1.0
2026-02-06 12:30:34.819827,BTCUSD,WAIT,UP,0,pa,No signal,1.0
2026-02-06 12:31:34.819827,BTCUSD,WAIT,DOWN,0,pa,No signal,1.0
2026-02-06 12:32:34.819827,BTCUSD,WAIT,DOWN,0,pa,No signal,1.0
2026-02-06 12:33:34.819827,BTCUSD,WAIT,DOWN,0,pa,No signal,1.0
2026-02-06 12:34:34.819827,BTCUSD,WAIT,DOWN,0,pa,No signal,1.0
2026-02-06 12:35:34.819827,BTCUSD,WAIT,DOWN,0,pa,No signal,1.0
2026-02-06 12:36:34.819827,BTCUSD,WAIT,DOWN,0,pa,No signal,1.0
2026-02-06 12:37:34.819827,BTCUSD,WAIT,DOWN,0,pa,No signal,1.0
2026-02-06 12:38:34.819827,BTCUSD,WAIT,DOWN,0,pa,No signal,1.0
2026-02-06 12:39:34.819827,BTCUSD,WAIT,DOWN,0,pa,No signal,1.0
2026-02-06 12:40:34.819827,BTCUSD,WAIT,DOWN,0,pa,No signal,1.0
2026-02-06 12:41:34.819827,BTCUSD,WAIT,DOWN,0,pa,No signal,1.0
2026-02-06 12:42:34.819827,BTCUSD,WAIT,UP,0,pa,No signal,1.0
2026-02-06 12:43:34.819827,BTCUSD,WAIT,DOWN,0,pa,No signal,1.0
2026-02-06 12:44:34.819827,BTCUSD,WAIT,DOWN,0,pa,No signal,1.0
2026-02-06 12:45:34.819827,BTCUSD,WAIT,DOWN,0,pa,No signal,1.0
2026-02-06 12:46:34.819827,BTCUSD,WAIT,DOWN,0,pa,No signal,1.0
2026-02-06 12:47:34.819827,BTCUSD,WAIT,DOWN,0,pa,No signal,1.0
2026-02-06 12:48:34.819827,BTCUSD,WAIT,DOWN,0,pa,No signal,1.0
2026-02-06 12:49:34.819827,BTCUSD,WAIT,DOWN,0,pa,No signal,1.0
2026-02-06 12:50:34.819827,BTCUSD,WAIT,DOWN,0,pa,No signal,1.0
2026-02-06 12:51:34.819827,BTCUSD,WAIT,UP,0,pa,No signal,1.0
2026-02-06 12:52:34.819827,BTCUSD,WAIT,UP,0,pa,No signal,1.0
2026-02-06 12:53:34.819827,BTCUSD,WAIT,UP,0,pa,No signal,1.0
2026-02-06 12:54:34.819827,BTCUSD,WAIT,UP,0,pa,No signal,1.0
2026-02-06 12:55:34.819827,BTCUSD,WAIT,DOWN,0,pa,No signal,1.0
2026-02-06 12:56:34.819827,BTCUSD,WAIT,UP,0,pa,No signal,1.0
2026-02-06 12:57:34.819827,BTCUSD,WAIT,UP,0,pa,No signal,1.0
2026-02-06 12:58:34.819827,BTCUSD,WAIT,UP,0,pa,No signal,1.0
2026-02-06 12:59:34.819827,BTCUSD,WAIT,UP,0,pa,No signal,1.0
2026-02-06 13:00:34.819827,BTCUSD,WAIT,UP,0,pa,No signal,1.0
2026-02-06 13:01:34.819827,BTCUSD,WAIT,UP,0,pa,No signal,1.0
